volume,pdf_page,doi,title,category,summary_zh,doi_url,pdf_file
Volume 1,16,10.1145/3760250.3762226,A Data-Driven Dynamic Execution Orchestration Architecture,AI/专用硬件加速器与可重构架构,Domain-specific accelerators deliver exceptional performance on their target workloads through fabrication-time orchestrated datapaths.,https://doi.org/10.1145/3760250.3762226,asplos2026.volume1.3760250.pdf
Volume 2,190,10.1145/3779212.3790127,Arancini: A Hybrid Binary Translator for Weak Memory Model Architectures,AI/专用硬件加速器与可重构架构,Binary translation is a powerful approach to support crossarchitecture emulation of unmodified binaries in increasingly heterogeneous computing environments.,https://doi.org/10.1145/3779212.3790127,asplos2026.volume2.3779212.pdf
Volume 2,272,10.1145/3779212.3790132,BitRed: Taming Non-Uniform Bit-Level Sparsity with a Programmable RISC-V ISA for DNN Acceleration,AI/专用硬件加速器与可重构架构,The non-uniform and dynamic nature of Bit-Level Sparsity (BLS) poses a critical load-imbalance challenge for parallel hardware accelerators.,https://doi.org/10.1145/3779212.3790132,asplos2026.volume2.3779212.pdf
Volume 2,782,10.1145/3779212.3790162,Finding Reusable Instructions via E-Graph Anti-Unification,AI/专用硬件加速器与可重构架构,Domain-specific accelerators provide an increasingly valuable source of performance for diverse applications.,https://doi.org/10.1145/3779212.3790162,asplos2026.volume2.3779212.pdf
Volume 2,995,10.1145/3779212.3790174,I/O Analysis is All You Need: An I/O Analysis for Long-Sequence Attention,AI/专用硬件加速器与可重构架构,"As GPUs and other accelerators become increasingly popular, optimizing I/O operations between on-chip and off-chip memory is increasingly critical.",https://doi.org/10.1145/3779212.3790174,asplos2026.volume2.3779212.pdf
Volume 2,1318,10.1145/3779212.3790193,Neura: A Unified Framework for Hierarchical and Adaptive CGRAs,AI/专用硬件加速器与可重构架构,Coarse-Grained Reconfigurable Arrays (CGRAs) are a promising solution for energy-efficient acceleration across multiple application domains.,https://doi.org/10.1145/3779212.3790193,asplos2026.volume2.3779212.pdf
Volume 2,1580,10.1145/3779212.3790238,Transforming Torus Fabrics for Efficient Multi-tenant ML,AI/专用硬件加速器与可重构架构,"We develop Morphlux, a server-scale programmable photonic fabric to interconnect accelerators within servers.",https://doi.org/10.1145/3779212.3790238,asplos2026.volume2.3779212.pdf
Volume 1,100,10.1145/3760250.3762222,cuJSON: A Highly Parallel JSON Parser for GPUs,GPU 编程、内核、稀疏与图计算,"JSON (JavaScript Object Notation) data is widely used in modern computing, yet its parsing performance can be a major bottleneck.",https://doi.org/10.1145/3760250.3762222,asplos2026.volume1.3760250.pdf
Volume 2,58,10.1145/3779212.3790120,A Framework for Developing and Optimizing Fully Homomorphic Encryption Programs on GPUs,GPU 编程、内核、稀疏与图计算,"In sensitive domains such as healthcare and finance, machine learning increasingly employs Fully Homomorphic Encryption (FHE) to secure both user data and models.",https://doi.org/10.1145/3779212.3790120,asplos2026.volume2.3779212.pdf
Volume 2,241,10.1145/3779212.3790130,Asynchrony and GPUs: Bridging this Dichotomy for I/O with AGIO,GPU 编程、内核、稀疏与图计算,GPUs rely on a largely synchronous programming and execution model.,https://doi.org/10.1145/3779212.3790130,asplos2026.volume2.3779212.pdf
Volume 2,410,10.1145/3779212.3790140,CLM: Removing the GPU Memory Barrier for 3D Gaussian Splatting,GPU 编程、内核、稀疏与图计算,"3D Gaussian Splatting (3DGS) is an increasingly popular novel view synthesis approach due to its fast rendering time, and high-quality output.",https://doi.org/10.1145/3779212.3790140,asplos2026.volume2.3779212.pdf
Volume 2,695,10.1145/3779212.3790157,Efficient Temporal Graph Network Training via Unified Redundancy Elimination,GPU 编程、内核、稀疏与图计算,Temporal Graph Network (TGN) is increasingly adopted to model evolving relationships in dynamic graphs.,https://doi.org/10.1145/3779212.3790157,asplos2026.volume2.3779212.pdf
Volume 2,893,10.1145/3779212.3790167,GS-Scale: Unlocking Large-Scale 3D Gaussian Splatting Training via Host Offloading,GPU 编程、内核、稀疏与图计算,The advent of 3D Gaussian Splatting has revolutionized graphics rendering by delivering high visual quality and fast rendering speeds.,https://doi.org/10.1145/3779212.3790167,asplos2026.volume2.3779212.pdf
Volume 2,1026,10.1145/3779212.3790176,Insum: Sparse GPU Kernels Simplified and Optimized with Indirect Einsums,GPU 编程、内核、稀疏与图计算,"Programming high-performance sparse GPU kernels is notoriously difficult, requiring both substantial effort and deep expertise.",https://doi.org/10.1145/3779212.3790176,asplos2026.volume2.3779212.pdf
Volume 2,1833,10.1145/3779212.3790222,SLAWS: Spatial Locality Analysis and Workload Orchestration for Sparse Matrix Multiplication,GPU 编程、内核、稀疏与图计算,"Sparse matrix-sparse matrix multiplication (SpMSpM) is widely used in modern scientific applications, including highperformance computing, linear algebra, and graph processing.",https://doi.org/10.1145/3779212.3790222,asplos2026.volume2.3779212.pdf
Volume 1,35,10.1145/3760250.3762229,AGS: Accelerating 3D Gaussian Splatting SLAM via CODEC-Assisted Frame Covisibility Detection,LLM/生成式 AI 推理与服务系统,Simultaneous Localization and Mapping (SLAM) is a critical task that enables autonomous vehicles to construct maps and localize themselves in unknown environments.,https://doi.org/10.1145/3760250.3762229,asplos2026.volume1.3760250.pdf
Volume 1,82,10.1145/3760250.3762235,Compositional AI Beyond LLMs: System Implications of Neuro-Symbolic-Probabilistic Architectures,LLM/生成式 AI 推理与服务系统,"Large Language Models (LLMs) have driven remarkable progress in artificial intelligence (AI), but their rapid growth faces challenges of unsustainable computation, limited robustness, and poor explainability.",https://doi.org/10.1145/3760250.3762235,asplos2026.volume1.3760250.pdf
Volume 1,116,10.1145/3760250.3762216,Dynamic Sparsity in Large-Scale Video DiT Training,LLM/生成式 AI 推理与服务系统,Diffusion Transformers (DiTs) have shown remarkable performance in generating high-quality videos.,https://doi.org/10.1145/3760250.3762216,asplos2026.volume1.3760250.pdf
Volume 1,178,10.1145/3760250.3762220,MoDM: Efficient Serving for Image Generation via Mixture-of-Diffusion Models,LLM/生成式 AI 推理与服务系统,"Diffusion-based text-to-image generation models trade latency for quality: small models are fast but generate lower quality images, while large models produce better images but are slow.",https://doi.org/10.1145/3760250.3762220,asplos2026.volume1.3760250.pdf
Volume 1,264,10.1145/3760250.3762217,SuperOffload: Unleashing the Power of Large-Scale LLM Training on Superchips,LLM/生成式 AI 推理与服务系统,The emergence of Superchips represents a significant advancement in next-generation AI hardware.,https://doi.org/10.1145/3760250.3762217,asplos2026.volume1.3760250.pdf
Volume 1,296,10.1145/3760250.3762219,Tilus: A Tile-Level GPGPU Programming Language for Low-Precision Computation,LLM/生成式 AI 推理与服务系统,"Serving Large Language Models (LLMs) is critical for AIpowered applications, yet it demands substantial computational resources, particularly in memory bandwidth and computational throughput.",https://doi.org/10.1145/3760250.3762219,asplos2026.volume1.3760250.pdf
Volume 1,329,10.1145/3760250.3762228,XY-Serve: End-to-End Versatile Production Serving for Dynamic LLM Workloads,LLM/生成式 AI 推理与服务系统,Meeting growing demands for low latency and cost efficiency in production-grade large language model (LLM) serving systems requires integrating advanced optimization techniques.,https://doi.org/10.1145/3760250.3762228,asplos2026.volume1.3760250.pdf
Volume 2,38,10.1145/3779212.3790119,A Cost-Effective Near-Storage Processing Solution for Offline Inference of Long-Context LLMs,LLM/生成式 AI 推理与服务系统,The computational and memory demands of large language models for generative inference present significant challenges for practical deployment.,https://doi.org/10.1145/3779212.3790119,asplos2026.volume2.3779212.pdf
Volume 2,256,10.1145/3779212.3790131,BAT: Efficient Generative Recommender Serving with Bipartite Attention,LLM/生成式 AI 推理与服务系统,Generative Recommenders (GRs) have recently emerged as promising alternatives to traditional Deep Learning Recommendation Models (DLRMs).,https://doi.org/10.1145/3779212.3790131,asplos2026.volume2.3779212.pdf
Volume 2,288,10.1145/3779212.3790133,BlendServe: Optimizing Offline Inference with Resource-Aware Batching,LLM/生成式 AI 推理与服务系统,"Offline batch inference is gaining popularity as a cost-effective solution for latency-insensitive tasks, such as model evaluation and data curation.",https://doi.org/10.1145/3779212.3790133,asplos2026.volume2.3779212.pdf
Volume 2,323,10.1145/3779212.3790135,Bullet: Boosting GPU Utilization for LLM Serving via Dynamic Spatial-Temporal Orchestration,LLM/生成式 AI 推理与服务系统,Modern large language model (LLM) serving systems confront inefficient GPU utilization due to the fundamental mismatch between compute-intensive prefill phase and memorybound decode phase.,https://doi.org/10.1145/3779212.3790135,asplos2026.volume2.3779212.pdf
Volume 2,340,10.1145/3779212.3790136,"CacheMind: From Miss Rates to Why – Natural-Language, Trace-Grounded Reasoning for Cache Replacement",LLM/生成式 AI 推理与服务系统,"Cache replacement remains a challenging problem in CPU microarchitecture, often addressed using hand-crafted heuristics that limit cache performance.",https://doi.org/10.1145/3779212.3790136,asplos2026.volume2.3779212.pdf
Volume 2,526,10.1145/3779212.3790147,CREATE: Cross-Layer Resilience Characterization and Optimization for Efficient yet Reliable Embodied AI Systems,LLM/生成式 AI 推理与服务系统,Embodied Artificial Intelligence (AI) has recently attracted significant attention as it bridges AI with the physical world.,https://doi.org/10.1145/3779212.3790147,asplos2026.volume2.3779212.pdf
Volume 2,596,10.1145/3779212.3790151,DARTH-PUM: A Hybrid Processing-Using-Memory Architecture,LLM/生成式 AI 推理与服务系统,Analog processing-using-memory (PUM; a.k.a.,https://doi.org/10.1145/3779212.3790151,asplos2026.volume2.3779212.pdf
Volume 2,635,10.1145/3779212.3790153,DFVG: A Heterogeneous Architecture for Speculative Decoding with D raft-on-FPGA and Verify-on-GPU Shaoqiang Lu∗,LLM/生成式 AI 推理与服务系统,Speculative decoding is a promising paradigm that accelerates LLM inference by generating drafts and performing verification.,https://doi.org/10.1145/3779212.3790153,asplos2026.volume2.3779212.pdf
Volume 2,666,10.1145/3779212.3790155,EARTH: An Efficient MoE Accelerator with Entropy-Aware Speculative Prefetch and Pattern Reuse Fangxin Liu∗,LLM/生成式 AI 推理与服务系统,"Mixture-of-Experts (MoE) models significantly reduce computation in large language models by activating only a subset of experts per input token, but they introduce severe memory bottlenecks due to the large...",https://doi.org/10.1145/3779212.3790155,asplos2026.volume2.3779212.pdf
Volume 2,765,10.1145/3779212.3790161,FastTTS: Accelerating Test-Time Scaling for Edge LLM Reasoning,LLM/生成式 AI 推理与服务系统,Recent advances in reasoning Large Language Models (LLMs) are driving the emergence of agentic AI systems.,https://doi.org/10.1145/3779212.3790161,asplos2026.volume2.3779212.pdf
Volume 2,909,10.1145/3779212.3790169,Hardwired-Neuron Language Processing Units as General-Purpose Cognitive Substrates,LLM/生成式 AI 推理与服务系统,"The rapid advancement of Large Language Models (LLMs) has established language as a core general-purpose cognitive substrate, driving the demand for specialized Language Processing Units (LPUs) tailored for...",https://doi.org/10.1145/3779212.3790169,asplos2026.volume2.3779212.pdf
Volume 2,929,10.1145/3779212.3790170,"HEPIC: Private Inference over Homomorphic Encr yption with Client Intervention Kevin Nam Dept. of ECE & ISRC,",LLM/生成式 AI 推理与服务系统,"Homomorphic Encryption (HE) enables Private Inference (PI) in Machine Learning as a Service (MLaaS), protecting both client inputs and server-side neural network (NN) parameters.",https://doi.org/10.1145/3779212.3790170,asplos2026.volume2.3779212.pdf
Volume 2,962,10.1145/3779212.3790172,History Doesn’t Repeat Itself but Rollouts Rhyme: Accelerating Reinforcement Learning with RhymeRL Jingkai He,LLM/生成式 AI 推理与服务系统,"With the rapid advancement of large language models (LLMs), reinforcement learning (RL) has emerged as a pivotal methodology for enhancing the reasoning capabilities of LLMs.",https://doi.org/10.1145/3779212.3790172,asplos2026.volume2.3779212.pdf
Volume 2,1055,10.1145/3779212.3790178,It Takes Two to Entangle,LLM/生成式 AI 推理与服务系统,Distributed machine learning training and inference is common today because today’s large models require more memory and compute than can be provided by a single GPU.,https://doi.org/10.1145/3779212.3790178,asplos2026.volume2.3779212.pdf
Volume 2,1088,10.1145/3779212.3790180,LAER-MoE: Load-Adaptive Expert Re-layout for Efficient Mixture-of-Experts Training,LLM/生成式 AI 推理与服务系统,"Expert parallelism is vital for effectively training Mixtureof-Experts (MoE) models, enabling different devices to host distinct experts, with each device processing different input data.",https://doi.org/10.1145/3779212.3790180,asplos2026.volume2.3779212.pdf
Volume 2,1106,10.1145/3779212.3790181,LAIKA: Machine Learning-Assisted In-Kernel APU Acceleration,LLM/生成式 AI 推理与服务系统,"The integration of machine learning (ML) into OS kernels is severely hampered by the high latency of offloading to discrete GPUs (dGPUs), where data transfers across the PCIe bus can consume over 93% of the...",https://doi.org/10.1145/3779212.3790181,asplos2026.volume2.3779212.pdf
Volume 2,1146,10.1145/3779212.3790183,LOOPRAG: Enhancing Loop Transformation Optimization with Retrieval-Augmented Large Language Models,LLM/生成式 AI 推理与服务系统,"Loop transformations are semantics-preserving optimization techniques applied at the source level, widely used in compilers to maximize objectives such as vectorization and parallelism.",https://doi.org/10.1145/3779212.3790183,asplos2026.volume2.3779212.pdf
Volume 2,1184,10.1145/3779212.3790185,M2XFP: A Metadata-Augmented Microscaling Data Format for Efficient Low-bit Quantization,LLM/生成式 AI 推理与服务系统,"Existing low-bit Microscaling (MX) formats, such as MXFP4, often suffer from substantial accuracy degradation due to the use of a shared scaling factor with the Power-of-Two format.",https://doi.org/10.1145/3779212.3790185,asplos2026.volume2.3779212.pdf
Volume 2,1218,10.1145/3779212.3790187,MoE-APEX: An Efficient MoE Inference System with Adaptive Precision Expert Offloading,LLM/生成式 AI 推理与服务系统,"Mixture-of-experts (MoE) architectures enable scalable Large Language Models (LLMs) with reduced computational overhead, yet their deployment on memory-constrained edge devices is hindered by substantial mem...",https://doi.org/10.1145/3779212.3790187,asplos2026.volume2.3779212.pdf
Volume 2,1234,10.1145/3779212.3790188,MSCCL++: Rethinking GPU Communication Abstractions for AI Inference,LLM/生成式 AI 推理与服务系统,"AI applications increasingly run on fast-evolving, heterogeneous hardware to maximize performance, but generalpurpose libraries lag in supporting these features.",https://doi.org/10.1145/3779212.3790188,asplos2026.volume2.3779212.pdf
Volume 2,1249,10.1145/3779212.3790189,Mugi: Value Level Parallelism For Efficient LLMs,LLM/生成式 AI 推理与服务系统,"Value level parallelism (VLP) has been proposed to improve the efficiency of large-batch, low-precision general matrix multiply (GEMM) between symmetric activations and weights.",https://doi.org/10.1145/3779212.3790189,asplos2026.volume2.3779212.pdf
Volume 2,1268,10.1145/3779212.3790190,Nebula: Infinite-Scale 3D Gaussian Splatting in VR via Collaborative Rendering and Accelerated Stereo Rasterization,LLM/生成式 AI 推理与服务系统,3D Gaussian splatting (3DGS) has drawn significant attention in the architectural community recently.,https://doi.org/10.1145/3779212.3790190,asplos2026.volume2.3779212.pdf
Volume 2,1334,10.1145/3779212.3790194,oFFN: Outlier and Neuron-aware Structured FFN for Fast yet Accurate LLM Inference,LLM/生成式 AI 推理与服务系统,"With the advent of large-scale language models (LLMs), various optimization techniques have been proposed to enable efficient inference.",https://doi.org/10.1145/3779212.3790194,asplos2026.volume2.3779212.pdf
Volume 2,1382,10.1145/3779212.3790197,Ouroboros: Wafer-Scale SRAM CIM with Token-Grained Pipelining for Large Language Model Inference,LLM/生成式 AI 推理与服务系统,"Large language model (LLM) inference demands vast memory capacity and hierarchical memory structures, but conventional architectures suffer from excessive energy and latency costs due to frequent data moveme...",https://doi.org/10.1145/3779212.3790197,asplos2026.volume2.3779212.pdf
Volume 2,1415,10.1145/3779212.3790199,Parameterized Hardware Design with Latency-Abstract Interfaces,LLM/生成式 AI 推理与服务系统,"Interfaces Rachit Nigam MIT CSAIL Cambridge, USA Ethan Gabizon∗ Cornell University Ithaca, USA Edmund Lam∗ Cornell University Ithaca, USA Carolyn Zech MIT CSAIL Cambridge, USA Jonathan Balkind UC Santa Barba...",https://doi.org/10.1145/3779212.3790199,asplos2026.volume2.3779212.pdf
Volume 2,1429,10.1145/3779212.3790200,PAT: Accelerating LLM Decoding via P refix-Aware Attention with Resource Efficient Multi-Tile Kernel Jinjun Yi†,LLM/生成式 AI 推理与服务系统,"LLM serving is increasingly dominated by decode attention, which is a memory-bound operation due to massive KV cache loading from global memory.",https://doi.org/10.1145/3779212.3790200,asplos2026.volume2.3779212.pdf
Volume 2,1525,10.1145/3779212.3790206,QoServe: Breaking the Silos of LLM Inference Serving,LLM/生成式 AI 推理与服务系统,The widespread adoption of Large Language Models (LLMs) has enabled diverse applications with very different latency requirements.,https://doi.org/10.1145/3779212.3790206,asplos2026.volume2.3779212.pdf
Volume 2,1655,10.1145/3779212.3790212,REPA: Reconfigurable PIM for the Joint A cceleration of KV Cache Offloading and Processing Yang Hong,LLM/生成式 AI 推理与服务系统,The use of KV cache in LLM inference leads to large memory footprint and sub-optimal decoding performance.,https://doi.org/10.1145/3779212.3790212,asplos2026.volume2.3779212.pdf
Volume 2,1782,10.1145/3779212.3790219,"Shift Parallelism: Low-Latency, High-Throughput LLM Inference for Dynamic Workloads",LLM/生成式 AI 推理与服务系统,"Efficient parallelism is necessary for achieving low-latency, high-throughput inference with large language models (LLMs).",https://doi.org/10.1145/3779212.3790219,asplos2026.volume2.3779212.pdf
Volume 2,1848,10.1145/3779212.3790223,SNIP: An Adaptive Mixed Precision Framework for Subbyte Large Language Model Training,LLM/生成式 AI 推理与服务系统,"Training large language models (LLMs) efficiently while preserving model quality poses significant challenges, particularly with subbyte precision supported by state-of-the-art GPUs.",https://doi.org/10.1145/3779212.3790223,asplos2026.volume2.3779212.pdf
Volume 2,1865,10.1145/3779212.3790224,SpeContext: Enabling Efficient Long-context Reasoning with Speculative Context Sparsity in LLMs,LLM/生成式 AI 推理与服务系统,"As test-time scaling in large language model(LLM) reasoning has been proven effective in enhancing the model performance through step-by-step generation, this long-context generation incurs substantial Key-V...",https://doi.org/10.1145/3779212.3790224,asplos2026.volume2.3779212.pdf
Volume 2,1896,10.1145/3779212.3790226,STARC: Selective Token Access with Remapping and Clustering for Efficient LLM Decoding on PIM Systems,LLM/生成式 AI 推理与服务系统,Serving large language models (LLMs) places significant pressure on memory systems due to frequent accesses and growing key–value (KV) caches as context lengths increase.,https://doi.org/10.1145/3779212.3790226,asplos2026.volume2.3779212.pdf
Volume 2,1945,10.1145/3779212.3790229,Streaming Tensor Program: A streaming abstraction for dynamic parallelism,LLM/生成式 AI 推理与服务系统,"Dynamic behaviors are becoming prevalent in tensor applications, like machine learning, where many widely used models contain data-dependent tensor shapes and control flow.",https://doi.org/10.1145/3779212.3790229,asplos2026.volume2.3779212.pdf
Volume 2,1966,10.1145/3779212.3790231,Taming the Long-Tail: Efficient Reasoning RL Training with Adaptive Drafter,LLM/生成式 AI 推理与服务系统,"The emergence of Large Language Models (LLMs) with strong reasoning capabilities marks a significant milestone, unlocking new frontiers in complex problem-solving.",https://doi.org/10.1145/3779212.3790231,asplos2026.volume2.3779212.pdf
Volume 2,2015,10.1145/3779212.3790233,TetriServe: Efficiently Serving Mixed DiT Workloads,LLM/生成式 AI 推理与服务系统,"Diffusion Transformer (DiT) models excel at generating highquality images through iterative denoising steps, but serving them under strict Service Level Objectives (SLOs) is challenging due to their high com...",https://doi.org/10.1145/3779212.3790233,asplos2026.volume2.3779212.pdf
Volume 2,2063,10.1145/3779212.3790236,Towards High-Goodput LLM Serving with Prefill-decode Multiplexing,LLM/生成式 AI 推理与服务系统,Large Language Model (LLM) serving must meet stringent Service Level Objectives (SLOs) for both the prefill and decode phases.,https://doi.org/10.1145/3779212.3790236,asplos2026.volume2.3779212.pdf
Volume 2,2081,10.1145/3779212.3790237,TPLA: Tensor Parallel Latent Attention for Efficient Disaggregated Prefill & Decode Inference,LLM/生成式 AI 推理与服务系统,"Multi-Head Latent Attention (MLA), introduced in DeepSeekV2, compresses key–value states into a low-rank latent vector cKV, caching only this vector to reduce memory.",https://doi.org/10.1145/3779212.3790237,asplos2026.volume2.3779212.pdf
Volume 2,2112,10.1145/3779212.3790240,Trinity: Three-Dimensional Tensor Program Optimization via Tile-level Equality Saturation,LLM/生成式 AI 推理与服务系统,"Modern tensor program optimizers operate at two separate levels: graph-level optimizations (operator fusion, algebraic rewrites) and operator-level scheduling (tiling, parallelization).",https://doi.org/10.1145/3779212.3790240,asplos2026.volume2.3779212.pdf
Volume 2,2230,10.1145/3779212.3790246,SwiftSpec: Disaggregated Speculative Decoding and Fused Kernels for Low-Latency LLM Inference,LLM/生成式 AI 推理与服务系统,"Low-latency, single-request decoding of large language models is critical for interactive systems with tight SLA demands.",https://doi.org/10.1145/3779212.3790246,asplos2026.volume2.3779212.pdf
Volume 2,2245,10.1145/3779212.3790247,W ave: Leveraging Architecture Observation for Privacy-Preserving Model Oversight Haoxuan Xu*,LLM/生成式 AI 推理与服务系统,"Large Language Models (LLMs) inference increasingly require mechanisms that provide runtime visibility into what is actually executing, without exposing model weights or code.",https://doi.org/10.1145/3779212.3790247,asplos2026.volume2.3779212.pdf
Volume 2,2297,10.1145/3779212.3790250,ZipServ: Fast and Memory-Efficient LLM Inference with Hardware-Aware Lossless Compression,LLM/生成式 AI 推理与服务系统,Lossless model compression holds tremendous promise for alleviating the memory and bandwidth bottlenecks in bitexact Large Language Model (LLM) serving.,https://doi.org/10.1145/3779212.3790250,asplos2026.volume2.3779212.pdf
Volume 2,712,10.1145/3779212.3790158,Enabling fast networking in the public cloud,云、Serverless、网络与数据中心系统,"Despite a decade of research, most high-performance userspace network stacks remain impractical for public cloud tenants developing their applications atop Virtual Machines (VMs).",https://doi.org/10.1145/3779212.3790158,asplos2026.volume2.3779212.pdf
Volume 2,871,10.1145/3779212.3790168,gShare: Efficient GPU Sharing with Aggressive Scheduling in Multi-tenant FaaS platform,云、Serverless、网络与数据中心系统,Serving ML models with serverless computing has become increasingly popular in recent years.,https://doi.org/10.1145/3779212.3790168,asplos2026.volume2.3779212.pdf
Volume 2,1760,10.1145/3779212.3790218,SG-IOV: Socket-Granular I/O Virtualization for SmartNIC-Based Container Networks,云、Serverless、网络与数据中心系统,"I/O Virtualization (IOV) is a cornerstone of cloud computing, with container networking as a critical form of IOV in modern cloud paradigms.",https://doi.org/10.1145/3779212.3790218,asplos2026.volume2.3779212.pdf
Volume 2,1881,10.1145/3779212.3790225,SpecProto: A Parallelizing Compiler for Speculative Decoding of Large Protocol Buffers Data,云、Serverless、网络与数据中心系统,"Protobuf is a widely used data serialization format, especially in cloud environments.",https://doi.org/10.1145/3779212.3790225,asplos2026.volume2.3779212.pdf
Volume 2,1122,10.1145/3779212.3790182,Lifetime-Aware Design for Item-Level Intelligence at the Extreme Edge,其他系统与架构方向,"We present FlexiFlow, a lifetime-aware design framework for item-level intelligence (ILI) where computation is integrated directly into disposable products like food packaging and medical patches.",https://doi.org/10.1145/3779212.3790182,asplos2026.volume2.3779212.pdf
Volume 1,65,10.1145/3760250.3762234,CHERI-SIMT: Implementing Capability Memory Protection in GPUs Matthew Naylor,内存体系、CXL、存储与缓存,Governments are increasingly advising software manufacturers to employ memory-safe languages and technologies to combat adversarial attacks on modern computing infrastructure.,https://doi.org/10.1145/3760250.3762234,asplos2026.volume1.3760250.pdf
Volume 1,313,10.1145/3760250.3762224,TiNA: Tiered Network Buffer Architecture for Fast Networking in Chiplet-based CPU,内存体系、CXL、存储与缓存,"To manufacture a large CPU cost-effectively, the industry has begun exploiting emerging packaging technologies that integrate multiple chiplets—each comprising a subset of cores and/or memory and I/O subsyst...",https://doi.org/10.1145/3760250.3762224,asplos2026.volume1.3760250.pdf
Volume 2,74,10.1145/3779212.3790121,A Programming Model for Disaggregated Memory over CXL,内存体系、CXL、存储与缓存,CXL (Compute Express Link) is an emerging open industrystandard interconnect between processing and memory devices that is expected to revolutionize the way systems are designed.,https://doi.org/10.1145/3779212.3790121,asplos2026.volume2.3779212.pdf
Volume 2,224,10.1145/3779212.3790129,Arm Weak Memory Consistency on Apple Silicon: What Is It Good For?,内存体系、CXL、存储与缓存,Weak memory models such as the Arm model are perceived as enabling higher performance than strong models such as TSO.,https://doi.org/10.1145/3779212.3790129,asplos2026.volume2.3779212.pdf
Volume 2,356,10.1145/3779212.3790137,CEMU: Enabling Full-System Emulation of Computational Storage beyond Hardware Limits,内存体系、CXL、存储与缓存,Computational storage drives (CSDs) present a promising approach to improve system performance through near data processing in SSDs.,https://doi.org/10.1145/3779212.3790137,asplos2026.volume2.3779212.pdf
Volume 2,442,10.1145/3779212.3790142,CoGraf: Fully Accelerating Graph Applications with Fine-Grained PIM,内存体系、CXL、存储与缓存,Processing-in-Memory (PIM) delivers enormous performance by taking advantage of internal DRAM bandwidth and parallelism.,https://doi.org/10.1145/3779212.3790142,asplos2026.volume2.3779212.pdf
Volume 2,492,10.1145/3779212.3790145,CounterPoint: Using Hardware Event Counters to Refute and Refine Microarchitectural Assumptions,内存体系、CXL、存储与缓存,Hardware event counters offer the potential to reveal not only performance bottlenecks but also detailed microarchitectural behavior.,https://doi.org/10.1145/3779212.3790145,asplos2026.volume2.3779212.pdf
Volume 2,509,10.1145/3779212.3790146,CPU-Oblivious Offloading of Failure-Atomic Transactions for Disaggregated Memory,内存体系、CXL、存储与缓存,"Memory disaggregation introduces new challenges for application reliability, as compute server or interconnection failures can interrupt execution and lead to data inconsistency in the memory server.",https://doi.org/10.1145/3779212.3790146,asplos2026.volume2.3779212.pdf
Volume 2,544,10.1145/3779212.3790148,CREST: High-Performance Contention Resolution for Disaggregated Transactions,内存体系、CXL、存储与缓存,"Distributed transaction systems can leverage memory disaggregation for efficient resource scaling, yet they experience significant performance degradation under high-contention workloads.",https://doi.org/10.1145/3779212.3790148,asplos2026.volume2.3779212.pdf
Volume 2,561,10.1145/3779212.3790149,Cxlalloc: Safe and Efficient Memory Allocation for a CXL Pod,内存体系、CXL、存储与缓存,A Compute Express Link (CXL) pod is a group of hosts that share CXL-attached memory.,https://doi.org/10.1145/3779212.3790149,asplos2026.volume2.3779212.pdf
Volume 2,579,10.1145/3779212.3790150,CXLMC: Model Checking CXL Shared Memory Programs,内存体系、CXL、存储与缓存,Compute Express Link (CXL) shared memory is an emerging industry standard that will allow for cache coherent sharing of remote memory between many machines.,https://doi.org/10.1145/3779212.3790150,asplos2026.volume2.3779212.pdf
Volume 2,680,10.1145/3779212.3790156,Efficient Remote Memory Ordering for Non-Coherent Interconnects Wei Siew Liew∗,内存体系、CXL、存储与缓存,"Software using non-coherent interconnects like PCI Express requires fine-grained memory ordering, but current hardware mandates the use of costly source-side serialization.",https://doi.org/10.1145/3779212.3790156,asplos2026.volume2.3779212.pdf
Volume 2,979,10.1145/3779212.3790173,Hitchhike: Efficient Request Submission via Deferred Enforcement of Address Contiguity,内存体系、CXL、存储与缓存,"Modern storage systems operate under high concurrency, making large volumes of outstanding I/Os the norm.",https://doi.org/10.1145/3779212.3790173,asplos2026.volume2.3779212.pdf
Volume 2,1011,10.1145/3779212.3790175,ICARUS: Criticality and Reuse based Instruction Caching for Datacenter Applications,内存体系、CXL、存储与缓存,Datacenter applications with huge code footprints suffer from front-end CPU bottlenecks even with a decoupled frontend.,https://doi.org/10.1145/3779212.3790175,asplos2026.volume2.3779212.pdf
Volume 2,1284,10.1145/3779212.3790191,Nemo: A Low-Write-Amplification Cache for Tiny Objects on Log-Structured Flash Devices,内存体系、CXL、存储与缓存,Modern storage systems predominantly use flash-based SSDs as a cache layer due to their favorable performance and cost efficiency.,https://doi.org/10.1145/3779212.3790191,asplos2026.volume2.3779212.pdf
Volume 2,1301,10.1145/3779212.3790192,Neo: Real-Time On-Device 3D Gaussian Splatting with Reuse-and-Update Sorting Acceleration,内存体系、CXL、存储与缓存,"While 3D Gaussian Splatting (3DGS) has emerged as a promising technique for immersive AR/VR experiences, its practical adoption critically depends on whether real-time rendering can be achieved on resource-c...",https://doi.org/10.1145/3779212.3790192,asplos2026.volume2.3779212.pdf
Volume 2,1399,10.1145/3779212.3790198,PACT: A Criticality-First Design for Tiered Memory,内存体系、CXL、存储与缓存,"Tiered memory systems typically place pages based on access frequency (hotness), yet frequency alone fails to capture the true performance impact.",https://doi.org/10.1145/3779212.3790198,asplos2026.volume2.3779212.pdf
Volume 2,1446,10.1145/3779212.3790201,Performance Predictability in Heterogeneous Memory,内存体系、CXL、存储与缓存,"Heterogeneous memory combining DRAM and CXL exhibits variable performance, yet existing metrics correlate weakly with actual slowdown.",https://doi.org/10.1145/3779212.3790201,asplos2026.volume2.3779212.pdf
Volume 2,1463,10.1145/3779212.3790202,PF-LLM: Large Language Model Hinted Hardware Prefetching,内存体系、CXL、存储与缓存,Hardware data prefetching is a critical technique for mitigating memory latency in modern processors.,https://doi.org/10.1145/3779212.3790202,asplos2026.volume2.3779212.pdf
Volume 2,1478,10.1145/3779212.3790203,PIPM: Partial and Incremental Page Migration for Multi-host CXL Disaggregated Shared Memory,内存体系、CXL、存储与缓存,The emerging Compute Express Link (CXL) interconnect supports multi-host cache-coherent disaggregated shared memory (CXL-DSM).,https://doi.org/10.1145/3779212.3790203,asplos2026.volume2.3779212.pdf
Volume 2,1913,10.1145/3779212.3790227,Static Analysis for Efficient Streaming Tokenization,内存体系、CXL、存储与缓存,"Tokenization, also referred to as lexing or scanning, is the computational task of partitioning an input text into a sequence of substrings called tokens.",https://doi.org/10.1145/3779212.3790227,asplos2026.volume2.3779212.pdf
Volume 2,1930,10.1145/3779212.3790228,STRA W: Stress-Aware WL-Based Read Disturbance Management for High-Density NAND Flash Memory Myoungjun Chun,内存体系、CXL、存储与缓存,"While NAND flash memory has continuously increased its storage density over decades, this progress has exacerbated the read-disturbance problem.",https://doi.org/10.1145/3779212.3790228,asplos2026.volume2.3779212.pdf
Volume 2,2048,10.1145/3779212.3790235,Toasty: Speeding up network I/O with cache-warm buffers,内存体系、CXL、存储与缓存,"Modern NICs DMA packets directly to the LLC using technologies like DDIO, reducing access latencies for networking applications.",https://doi.org/10.1145/3779212.3790235,asplos2026.volume2.3779212.pdf
Volume 2,2174,10.1145/3779212.3790243,Understanding and Optimizing Database Pushdown on Disaggregated Storage,内存体系、CXL、存储与缓存,Database pushdown is a widely adopted technique under compute-storage disaggregation.,https://doi.org/10.1145/3779212.3790243,asplos2026.volume2.3779212.pdf
Volume 2,2210,10.1145/3779212.3790245,vCXLGen: Automated Synthesis and Verification of CXL Bridges for Heterogeneous Architectures,内存体系、CXL、存储与缓存,"Compute Express Link (CXL) offers byte-addressable, cachecoherent remote memory accesses across multiple hosts.",https://doi.org/10.1145/3779212.3790245,asplos2026.volume2.3779212.pdf
Volume 2,2265,10.1145/3779212.3790248,W ax: Optimizing Data Center Applications With Stale Profile Tawhid Bhuiyan,内存体系、CXL、存储与缓存,"Data center applications’ large instruction footprints cause frequent front-end stalls by overwhelming on-chip microarchitectural structures such as instruction cache (I-cache), instruction translation look-...",https://doi.org/10.1145/3779212.3790248,asplos2026.volume2.3779212.pdf
Volume 1,132,10.1145/3760250.3762231,GFS: A Preemption-aware Scheduling Framework for GPU Clusters with Predictive Spot Instance Management,大模型训练、监控与深度学习系统,"The surge in large language models (LLMs) has fundamentally reshaped the landscape of GPU usage patterns, creating an urgent need for more efficient management strategies.",https://doi.org/10.1145/3760250.3762231,asplos2026.volume1.3760250.pdf
Volume 1,147,10.1145/3760250.3762221,Linear Layouts: Robust Code Generation of Efficient Tensor Computation Using F2,大模型训练、监控与深度学习系统,"Efficient tensor computation is a cornerstone of modern deep learning (DL) workloads, yet existing approaches struggle to achieve flexible and performant design and implementation of tensor layouts—mappings...",https://doi.org/10.1145/3760250.3762221,asplos2026.volume1.3760250.pdf
Volume 1,198,10.1145/3760250.3762230,NotebookOS: A Replicated Notebook Platform for Interactive Training with On-Demand GPUs,大模型训练、监控与深度学习系统,"Interactive notebook programming is universal in modern ML and AI workflows, with interactive deep learning training (IDLT) emerging as a dominant use case.",https://doi.org/10.1145/3760250.3762230,asplos2026.volume1.3760250.pdf
Volume 2,651,10.1145/3779212.3790154,DIP: Efficient Large Multimodal Model Training with Dynamic Interleaved Pipeline,大模型训练、监控与深度学习系统,Large multimodal models (LMMs) have demonstrated excellent capabilities in both understanding and generation tasks with various modalities.,https://doi.org/10.1145/3779212.3790154,asplos2026.volume2.3779212.pdf
Volume 2,797,10.1145/3779212.3790163,Fine-grained and Non-intrusive LLM Training Monitoring via Microsecond-level Traffic Measurement,大模型训练、监控与深度学习系统,"Large language model (LLM) training is prone to anomalies due to its long duration and large scale, which can lead to significant performance degradation or even training crashes.",https://doi.org/10.1145/3779212.3790163,asplos2026.volume2.3779212.pdf
Volume 2,816,10.1145/3779212.3790164,FlashMem: Supporting Modern DNN Workloads on Mobile with GPU Memory Hierarchy Optimizations,大模型训练、监控与深度学习系统,"The increasing size and complexity of modern deep neural networks (DNNs) pose significant challenges for on-device inference on mobile GPUs, with limited memory and computational resources.",https://doi.org/10.1145/3779212.3790164,asplos2026.volume2.3779212.pdf
Volume 2,1726,10.1145/3779212.3790216,Segment Only Where You Look: Leveraging Human Gaze Behavior for Efficient Computer Vision Applications in Augmented Reality,大模型训练、监控与深度学习系统,Augmented reality (AR) comprises groundbreaking technologies that are reshaping the landscape of human interaction.,https://doi.org/10.1145/3779212.3790216,asplos2026.volume2.3779212.pdf
Volume 2,1982,10.1145/3779212.3790230,T-Control: An Efficient Dynamic Tensor Rematerialization System for DNN Training,大模型训练、监控与深度学习系统,"With the continuous growth of model and batch sizes, DNN model training increasingly suffers from excessive memory consumption.",https://doi.org/10.1145/3779212.3790230,asplos2026.volume2.3779212.pdf
Volume 2,2141,10.1145/3779212.3790241,Triton-Sanitizer: A Fast and Device-Agnostic Memory Sanitizer for Triton with Rich Diagnostic Context,大模型训练、监控与深度学习系统,Memory access errors remain one of the most pervasive bugs in GPU programming.,https://doi.org/10.1145/3779212.3790241,asplos2026.volume2.3779212.pdf
Volume 1,234,10.1145/3760250.3762218,Radshield: Software Radiation Protection for Commodity Hardware in Space,安全、可信执行与可靠性,"Exponentially-declining launch costs have led to an explosion of inexpensive satellites launched to space, often equipped with off-the-shelf chips.",https://doi.org/10.1145/3760250.3762218,asplos2026.volume1.3760250.pdf
Volume 2,170,10.1145/3779212.3790126,APT: Securing Against DRAM Read Disturbance via Adaptive Probabilistic In-DRAM Trackers,安全、可信执行与可靠性,"With exacerbated DRAM read disturbance, transparent inDRAM defenses require space (to track the aggressor rows) and time (to perform more mitigations).",https://doi.org/10.1145/3779212.3790126,asplos2026.volume2.3779212.pdf
Volume 2,1494,10.1145/3779212.3790204,PrioriFI: More Informed Fault Injection for Edge Neural Networks,安全、可信执行与可靠性,"As neural networks (NNs) are increasingly used to provide edge intelligence, there is a growing need to make the edge devices that run them robust to faults.",https://doi.org/10.1145/3779212.3790204,asplos2026.volume2.3779212.pdf
Volume 2,1673,10.1145/3779212.3790213,RowArmor: Efficient and Comprehensive Protection Against DRAM Disturbance Errors,安全、可信执行与可靠性,"Shrinking process technologies have made DRAM increasingly vulnerable to disturbance attacks, such as RowHammer, which can compromise data integrity or induce a Denial-ofService (DoS) state.",https://doi.org/10.1145/3779212.3790213,asplos2026.volume2.3779212.pdf
Volume 2,1744,10.1145/3779212.3790217,SEVI: Silent Data Corruption of Vector Instructions in Hyper-Scale Datacenters,安全、可信执行与可靠性,Silent Data Corruption (SDC) poses a reliability threat in modern datacenters.,https://doi.org/10.1145/3779212.3790217,asplos2026.volume2.3779212.pdf
Volume 2,1999,10.1145/3779212.3790232,"TeeM3: Cor e-Independent and Cooperating Trusted Execution Environments Nils Asmussen Barkhausen Institut Dresden, Germany Sebastian Haas Barkhausen Institut",安全、可信执行与可靠性,Trusted Execution Environments (TEEs) enable secure code execution on machines that are not fully trusted by the user who runs the workload.,https://doi.org/10.1145/3779212.3790232,asplos2026.volume2.3779212.pdf
Volume 2,2158,10.1145/3779212.3790242,Trust-V: Toward Secure and Reliable Storage for Trusted Execution Environments,安全、可信执行与可靠性,Trusted execution environments (TEEs) provide strong isolation for security-critical applications (enclaves) and their runtime data from potentially malicious operating systems.,https://doi.org/10.1145/3779212.3790242,asplos2026.volume2.3779212.pdf
Volume 2,2282,10.1145/3779212.3790249,WorksetEnclave: Towards Optimizing Cold Starts in Confidential Serverless with Workset-Based Enclave Restore,安全、可信执行与可靠性,Serverless computing has become a popular cloud computing paradigm.,https://doi.org/10.1145/3779212.3790249,asplos2026.volume2.3779212.pdf
Volume 1,249,10.1145/3760250.3762233,Sequential Specifications for Precise Hardware Exceptions,硬件设计语言与微体系结构,Modern processors are difficult to implement because pipelining makes them inherently parallel.,https://doi.org/10.1145/3760250.3762233,asplos2026.volume1.3760250.pdf
Volume 2,143,10.1145/3779212.3790125,Anvil: A General-Purpose Timing-Safe Hardware Description Language,硬件设计语言与微体系结构,Expressing hardware designs using hardware description languages (HDLs) routinely involves using stateless signals whose values change according to their underlying registers.,https://doi.org/10.1145/3779212.3790125,asplos2026.volume2.3779212.pdf
Volume 2,394,10.1145/3779212.3790139,Chips Need DIP: Time-Proportional Per-Instruction Cycle Stacks at Dispatch,硬件设计语言与微体系结构,"Despite continuous accelerator improvements, high singlethread performance remains crucial due to Amdahl’s Law.",https://doi.org/10.1145/3779212.3790139,asplos2026.volume2.3779212.pdf
Volume 2,427,10.1145/3779212.3790141,Co-Exploration of RISC-V Processor Microarchitectures and FreeRTOS Extensions for Lower Context Switch Latency,硬件设计语言与微体系结构,"Embedded real-time systems must respond to external events within tightly bounded timeframes to ensure safety, correctness, and reliability.",https://doi.org/10.1145/3779212.3790141,asplos2026.volume2.3779212.pdf
Volume 2,2031,10.1145/3779212.3790234,TierX: A Simulation Framework for Multi-tier BCI System Design Evaluation and Exploration,硬件设计语言与微体系结构,"Brain-computer interfaces (BCIs) have made remarkable progress in recent years, driven by advances in neuroscience and clinical applications.",https://doi.org/10.1145/3779212.3790234,asplos2026.volume2.3779212.pdf
Volume 1,162,10.1145/3760250.3762232,Lobster: A GPU-Accelerated Framework for Neurosymbolic Programming,编译器、程序优化与形式化验证,"Neurosymbolic programs combine deep learning with symbolic reasoning to achieve better data efficiency, interpretability, and generalizability compared to standalone deep learning approaches.",https://doi.org/10.1145/3760250.3762232,asplos2026.volume1.3760250.pdf
Volume 1,218,10.1145/3760250.3762227,QTurbo: A Robust and Efficient Compiler for Analog Quantum Simulation,编译器、程序优化与形式化验证,Analog quantum simulation leverages native hardware dynamics to emulate complex quantum systems with great efficiency by bypassing the quantum circuit abstraction.,https://doi.org/10.1145/3760250.3762227,asplos2026.volume1.3760250.pdf
Volume 1,280,10.1145/3760250.3762225,The Configuration Wall: Characterization and Elimination of Accelerator Configuration Overhead,编译器、程序优化与形式化验证,Contemporary compute platforms increasingly offload compute kernels from CPU to integrated hardware accelerators to reach maximum performance per Watt.,https://doi.org/10.1145/3760250.3762225,asplos2026.volume1.3760250.pdf
Volume 2,127,10.1145/3779212.3790124,An MLIR Lowering Pipeline for Stencils at Wafer-Scale,编译器、程序优化与形式化验证,"The Cerebras Wafer-Scale Engine (WSE) delivers performance at an unprecedented scale of over 900,000 compute units, all connected via a single-wafer on-chip interconnect.",https://doi.org/10.1145/3779212.3790124,asplos2026.volume2.3779212.pdf
Volume 2,375,10.1145/3779212.3790138,CHEHAB RL: Learning to Optimize Fully Homomorphic Encryption Computations,编译器、程序优化与形式化验证,"Fully Homomorphic Encryption (FHE) enables computations directly on encrypted data, but its high computational cost remains a significant barrier.",https://doi.org/10.1145/3779212.3790138,asplos2026.volume2.3779212.pdf
Volume 2,475,10.1145/3779212.3790144,Compass: Navigating the Design Space of Taint Schemes for RTL Security Verification,编译器、程序优化与形式化验证,Hardware information flow tracking (IFT) using taint analysis provides a methodology to check whether a hardware design satisfies certain security properties.,https://doi.org/10.1145/3779212.3790144,asplos2026.volume2.3779212.pdf
Volume 2,616,10.1145/3779212.3790152,Detecting Inconsistencies in ARM CCA’s Formally Verified Specification,编译器、程序优化与形式化验证,"Formal verification offers strong guarantees of correctness, robustness, and security.",https://doi.org/10.1145/3779212.3790152,asplos2026.volume2.3779212.pdf
Volume 2,730,10.1145/3779212.3790159,Evaluating Compiler Optimization Impacts on zkVM Performance,编译器、程序优化与形式化验证,Zero-knowledge proofs (ZKPs) are the cornerstone of programmable cryptography.,https://doi.org/10.1145/3779212.3790159,asplos2026.volume2.3779212.pdf
Volume 2,831,10.1145/3779212.3790165,FuseFlow: A Fusion-Centric Compilation Framework for Sparse Deep Learning on Streaming Dataflow,编译器、程序优化与形式化验证,"As deep learning models scale, sparse deep learning (DL) models that exploit sparsity in weights, activations, or inputs and specialized dataflow hardware have emerged as powerful solutions to address effici...",https://doi.org/10.1145/3779212.3790165,asplos2026.volume2.3779212.pdf
Volume 2,854,10.1145/3779212.3790166,Graphiti: Formally Verified Out-of-Order Execution in Dataflow Circuits,编译器、程序优化与形式化验证,High-level synthesis (HLS) tools automatically synthesise hardware from imperative programs and have seen a significant rise in adoption in both industry and academia.,https://doi.org/10.1145/3779212.3790166,asplos2026.volume2.3779212.pdf
Volume 2,945,10.1145/3779212.3790171,Highly Automated Verification of Security Properties for Unmodified System Software,编译器、程序优化与形式化验证,System software is often complex and hides exploitable security vulnerabilities.,https://doi.org/10.1145/3779212.3790171,asplos2026.volume2.3779212.pdf
Volume 2,1073,10.1145/3779212.3790179,JOSer: Just-In-Time Object Serialization for Heavy Java Serialization Workloads,编译器、程序优化与形式化验证,"Object serialization is critical in Java, which preserves objects in memory and transfers them among software systems if needed.",https://doi.org/10.1145/3779212.3790179,asplos2026.volume2.3779212.pdf
Volume 2,1169,10.1145/3779212.3790184,LPO: Discovering Missed Peephole Optimizations with Large Language Models,编译器、程序优化与形式化验证,"Peephole optimization is an essential class of compiler optimizations that targets small, inefficient instruction sequences within programs.",https://doi.org/10.1145/3779212.3790184,asplos2026.volume2.3779212.pdf
Volume 2,1349,10.1145/3779212.3790195,"Once4All: Skeleton-Guided SMT Solver Fuzzing with LLM-Synthesized Generators Maolin Sun State Key Laboratory for Novel Software Technology, Nanjing",编译器、程序优化与形式化验证,"Satisfiability Modulo Theory (SMT) solvers are foundational to modern systems and programming languages research, providing the foundation for tasks like symbolic execution and automated verification.",https://doi.org/10.1145/3779212.3790195,asplos2026.volume2.3779212.pdf
Volume 2,1366,10.1145/3779212.3790196,Optimizer-Friendly Instrumentation for Event Quantification with PRUE Algorithm,编译器、程序优化与形式化验证,"Event quantification provides frequency information for runtime events and is widely used to build fast, secure, and reliable software and systems.",https://doi.org/10.1145/3779212.3790196,asplos2026.volume2.3779212.pdf
Volume 2,1541,10.1145/3779212.3790207,Rage Against the State Machine: Type-Stated Hardware Peripherals for Increased Driver Correctness,编译器、程序优化与形式化验证,"Hardware provides driver authors both a strict specification of the operations a driver is allowed to do, and a highly permissive interface full of operations a driver can do.",https://doi.org/10.1145/3779212.3790207,asplos2026.volume2.3779212.pdf
Volume 2,1556,10.1145/3779212.3790208,Reconfigurable Quantum Instruction Set Computers for High Performance Attainable on Hardware,编译器、程序优化与形式化验证,"Despite remarkable milestones in quantum computing, the performance of current quantum hardware remains limited.",https://doi.org/10.1145/3779212.3790208,asplos2026.volume2.3779212.pdf
Volume 2,1599,10.1145/3779212.3790209,RedFuser: An Automatic Operator Fusion Framework for Cascaded Reductions on AI Accelerators,编译器、程序优化与形式化验证,"Operator fusion, as a key performance optimization technique in the deployment of AI models, significantly improves execution efficiency and has been widely adopted in modern AI compilers.",https://doi.org/10.1145/3779212.3790209,asplos2026.volume2.3779212.pdf
Volume 2,1693,10.1145/3779212.3790214,RTeAAL Sim: Using Tensor Algebra to Represent and Accelerate RTL Simulation,编译器、程序优化与形式化验证,RTL simulation on CPUs remains a persistent bottleneck in hardware design.,https://doi.org/10.1145/3779212.3790214,asplos2026.volume2.3779212.pdf
Volume 2,1710,10.1145/3779212.3790215,Scaling Automated Database System Testing,编译器、程序优化与形式化验证,"Recently, various automated testing approaches have been proposed that use specialized test oracles to find hundreds of logic bugs in mature, widely-used Database Management Systems (DBMSs).",https://doi.org/10.1145/3779212.3790215,asplos2026.volume2.3779212.pdf
Volume 2,1797,10.1145/3779212.3790220,Signal Breaker: Fuzzing Digital Signal Processors,编译器、程序优化与形式化验证,Fuzzing is one of the most effective techniques for discovering software vulnerabilities.,https://doi.org/10.1145/3779212.3790220,asplos2026.volume2.3779212.pdf
Volume 2,1813,10.1145/3779212.3790221,Skyler: Static Analysis for Predicting API-Driven Costs in Serverless Applications,编译器、程序优化与形式化验证,"Unpredictable costs are a growing concern in serverless computing, where applications rely on cloud APIs with complex tiered pricing models.",https://doi.org/10.1145/3779212.3790221,asplos2026.volume2.3779212.pdf
Volume 2,2192,10.1145/3779212.3790244,Understanding Query Optimization Bugs in Graph Database Systems,编译器、程序优化与形式化验证,Recent years have witnessed an ever-growing usage of graph database management systems (GDBMSs) in various datadriven applications.,https://doi.org/10.1145/3779212.3790244,asplos2026.volume2.3779212.pdf
Volume 1,50,10.1145/3760250.3762223,Cheddar: A Swift Fully Homomorphic Encryption Library Designed for GPU Architectures,量子计算与全同态加密,Fully homomorphic encryption (FHE) frees cloud computing from privacy concerns by enabling secure computation on encrypted data.,https://doi.org/10.1145/3760250.3762223,asplos2026.volume1.3760250.pdf
Volume 2,92,10.1145/3779212.3790122,Accelerating Computation in Quantum LDPC Code,量子计算与全同态加密,Fault-tolerant quantum computing (FTQC) uses quantum error correction (QEC) codes to execute large-scale quantum programs on noisy quantum computers.,https://doi.org/10.1145/3779212.3790122,asplos2026.volume2.3779212.pdf
Volume 2,110,10.1145/3779212.3790123,AlphaSyndrome: Tackling the Syndrome Measurement Circuit Scheduling Problem for QEC Codes,量子计算与全同态加密,"Quantum error correction (QEC) is essential for scalable quantum computing, yet repeated syndrome-measurement cycles dominate its spacetime and hardware cost.",https://doi.org/10.1145/3779212.3790123,asplos2026.volume2.3779212.pdf
Volume 2,208,10.1145/3779212.3790128,Architecting Scalable Trapped Ion Quantum Computers using Surface Codes,量子计算与全同态加密,Trapped ion (TI) qubits are a leading quantum computing platform.,https://doi.org/10.1145/3779212.3790128,asplos2026.volume2.3779212.pdf
Volume 2,307,10.1145/3779212.3790134,Borrowing Dirty Qubits in Quantum Programs,量子计算与全同态加密,"Dirty qubits are ancillary qubits that can be borrowed from idle parts of a computation, enabling qubit reuse and reducing the demand for fresh, clean qubits—a resource that is typically scarce in practice.",https://doi.org/10.1145/3779212.3790134,asplos2026.volume2.3779212.pdf
Volume 2,459,10.1145/3779212.3790143,COMPAS: A Distributed Multi-Party SW AP Test for Parallel Quantum Algorithms Brayden Goldstein-Gelb∗,量子计算与全同态加密,"The limited number of qubits per chip remains a critical bottleneck in quantum computing, motivating the use of distributed architectures that interconnect multiple quantum processing units (QPUs).",https://doi.org/10.1145/3779212.3790143,asplos2026.volume2.3779212.pdf
Volume 2,748,10.1145/3779212.3790160,Falcon: Algorithm-Hardware Co-Design for Efficient Fully Homomorphic Encryption Accelerator,量子计算与全同态加密,"Fully homomorphic encryption (FHE) enables computation on encrypted data without compromising privacy, positioning it as a promising solution for secure cloud computing.",https://doi.org/10.1145/3779212.3790160,asplos2026.volume2.3779212.pdf
Volume 2,1040,10.1145/3779212.3790177,iSwitch: QEC on Demand via In-Situ Encoding of Bare Qubits for Ion Trap Architectures,量子计算与全同态加密,Recent advances in quantum hardware and error correction have paved the way for early fault-tolerant (EFT) quantum computing.,https://doi.org/10.1145/3779212.3790177,asplos2026.volume2.3779212.pdf
Volume 2,1201,10.1145/3779212.3790186,Maverick: Rethinking TFHE Bootstrapping on GPUs via Algorithm-Hardware Co-Design,量子计算与全同态加密,Fully homomorphic encryption (FHE) enables arbitrary computation over encrypted data (ciphertext) without compromising confidentiality.,https://doi.org/10.1145/3779212.3790186,asplos2026.volume2.3779212.pdf
Volume 2,1509,10.1145/3779212.3790205,PropHunt: Automated Optimization of Quantum Syndrome Measurement Circuits,量子计算与全同态加密,Fault-Tolerant Quantum Computing (FTQC) relies on Quantum Error Correction (QEC) codes to reach error rates necessary for large scale quantum applications.,https://doi.org/10.1145/3779212.3790205,asplos2026.volume2.3779212.pdf
Volume 2,1622,10.1145/3779212.3790210,Reducing T Gates with Unitary Synthesis,量子计算与全同态加密,Quantum error correction is essential for achieving practical quantum computing but has a significant computational overhead.,https://doi.org/10.1145/3779212.3790210,asplos2026.volume2.3779212.pdf
Volume 2,1638,10.1145/3779212.3790211,ReliaFHE: Resilient Design for Fully Homomorphic Encryption Accelerators,量子计算与全同态加密,The significant computational complexity of Fully Homomorphic Encryption (FHE) has prompted numerous accelerator designs.,https://doi.org/10.1145/3779212.3790211,asplos2026.volume2.3779212.pdf
Volume 2,2096,10.1145/3779212.3790239,TreeVQA: A Tree-Structured Execution Framework for Shot Reduction in Variational Quantum Algorithms,量子计算与全同态加密,"Variational Quantum Algorithms (VQAs) are promising for near- and intermediate-term quantum computing, but their execution cost is substantial.",https://doi.org/10.1145/3779212.3790239,asplos2026.volume2.3779212.pdf
